{
  "weights": {
    "cushion": -2.5346728827042746,
    "trend3m": -0.4666523192814415,
    "vol6m": 1.0855971438789203,
    "macro": -0.5648942697960988
  },
  "intercept": -8.977879800617588,
  "scaler": {
    "means": {
      "cushion": 0.7892249418472063,
      "trend3m": 0.0024820577164366225,
      "vol6m": 0.0019000964149965811,
      "macro": 0.8129521994492421
    },
    "stds": {
      "cushion": 0.19940459113401449,
      "trend3m": 0.0073676148337130315,
      "vol6m": 0.0021818284906683838,
      "macro": 0.22499002852961275
    }
  }
}