{
  "cv_auc_mean": 0.9962025316455696,
  "cv_auc_std": 0.004650929891360436,
  "in_sample_auc": 0.9970389170896785,
  "feature_importance": {
    "cushion": -0.5054254098341198,
    "trend3m": -0.0034381145497245384,
    "vol6m": 0.002368586777903253,
    "macro": -0.12709557787763903
  },
  "subgroup_auc": {
    "Subprime": 0.993923611111111
  }
}